Module|Category|number|Description
Т1|Сбор информации о системах и сетях.|Т1.1.|Т1.1. Сбор информации из публичных источников: официальный сайт (сайты) организации, СМИ, социальные сети, фотобанки, сайты поставщиков и вендоров, материалы конференций
Т1|Сбор информации о системах и сетях.|Т1.2.|Т1.2. Сбор информации о подключенных к публичным системам и сетям устройствах и их службах при помощи поисковых систем, включая сбор конфигурационной информации компонентов систем и сетей, программного обеспечения сервисов и приложений.
Т1|Сбор информации о системах и сетях.|Т1.3.|Т1.3. Пассивный сбор (прослушивание) информации о подключенных к сети устройствах с целью идентификации сетевых служб, типов и версий ПО этих служб и в некоторых случаях - идентификационной информации пользователей
Т1|Сбор информации о системах и сетях.|Т1.4.|Т1.4. Направленное сканирование при помощи специализированного программного обеспечения подключенных к сети устройств с целью идентификации сетевых сервисов, типов и версий программного обеспечения этих сервисов, а также с целью получения конфигурационной информации компонентов систем и сетей, программного обеспечения сервисов и приложений.
Т1|Сбор информации о системах и сетях.|Т1.5.|Т1.5. Сбор информации о пользователях, устройствах, приложениях, а также сбор конфигурационной информации компонентов систем и сетей, программного обеспечения сервисов и приложений путем поиска и эксплуатации уязвимостей подключенных к сети устройств.
Т1|Сбор информации о системах и сетях.|Т1.6.|Т1.6. Сбор информации о пользователях, устройствах, приложениях, авторизуемых сервисами вычислительной сети, путем перебора.
Т1|Сбор информации о системах и сетях.|Т1.7.|Т1.7. Сбор информации, предоставляемой DNS сервисами, включая DNS Hijacking
Т1|Сбор информации о системах и сетях.|Т1.8.|Т1.8. Сбор информации о пользователе при посещении им веб-сайта, в том числе с использованием уязвимостей программы браузера и надстраиваемых модулей браузера
Т1|Сбор информации о системах и сетях.|Т1.9.|Т1.9. Сбор информации о пользователях, устройствах, приложениях путем поиска информации в памяти, файлах, каталогах, базах данных, прошивках устройств, репозиториях исходных кодов ПО, включая поиск паролей в исходном и хэшированном виде, криптографических ключей.
Т1|Сбор информации о системах и сетях.|Т1.10.|Т1.10. Кража цифровых сертификатов, включая кражу физических токенов, либо неавторизованное выписывание новых сертификатов (возможно после компрометации инфраструктуры доменного регистратора или аккаунта администратора зоны на стороне жертвы)
Т1|Сбор информации о системах и сетях.|Т1.11.|Т1.11. Сбор информации о пользователях, устройствах, приложениях, внутренней информации о компонентах систем и сетей путем применения социальной инженерии, в том числе фишинга
Т1|Сбор информации о системах и сетях.|Т1.12.|Т1.12. Сбор личной идентификационной информации (идентификаторы пользователей, устройств, информация об идентификации пользователей сервисами, приложениями, средствами удаленного доступа), в том числе сбор украденных личных данных сотрудников и подрядчиков на случай, если сотрудники/подрядчики используют одни и те же пароли на работе и за ее пределами
Т1|Сбор информации о системах и сетях.|Т1.13.|Т1.13. Сбор информации через получение доступа к системам физической безопасности и видеонаблюдения
Т1|Сбор информации о системах и сетях.|Т1.14.|Т1.14. Сбор информации через получение контроля над личными устройствами сотрудников (смартфонами, планшетами, ноутбуками) для скрытой прослушки и видеофиксации
Т1|Сбор информации о системах и сетях.|Т1.15.|Т1.15. Поиск и покупка баз данных идентификационной информации, скомпрометированых паролей и ключей на специализированных нелегальных площадках
Т1|Сбор информации о системах и сетях.|Т1.16.|Т1.16. Сбор информации через получение доступа к базам данных результатов проведенных инвентаризаций, реестрам установленного оборудования и ПО, данным проведенных аудитов безопасности, в том числе через получение доступа к таким данным через компрометацию подрядчиков и партнеров
Т1|Сбор информации о системах и сетях.|Т1.17.|Т1.17. Пассивный сбор и анализ данных телеметрии для получения информации о технологическом процессе, технологических установках, системах и ПО на предприятиях в автоматизированных системах управления производственными и технологическими процессами, в том числе на критически важных объектах
Т1|Сбор информации о системах и сетях.|Т1.18.|Т1.18. Сбор и анализ данных о прошивках устройств, количестве и подключении этих устройств, используемых промышленных протоколах для получения информации о технологическом процессе, технологических установках, системах и ПО на предприятиях в автоматизированных системах управления производственными и технологическими процессами, в том числе на критически важных объектах
Т1|Сбор информации о системах и сетях.|Т1.19.|Т1.19. Сбор и анализ специфических для отрасли или типа предприятия характеристик технологического процесса для получения информации о технологических установках, системах и ПО на предприятиях в автоматизированных системах управления производственными и технологическими процессами, в том числе на критически важных объектах
Т1|Сбор информации о системах и сетях.|Т1.20.|Т1.20. Техники конкурентной разведки и промышленного шпионажа для сбора информации о технологическом процессе, технологических установках, системах и ПО на предприятиях в автоматизированных системах управления производственными и технологическими процессами, в том числе на критически важных объектах
Т2|Получение первоначального доступа к компонентам систем и сетей. Тактическая задача: нарушитель, находясь вне инфраструктуры сети или системы, стремится получить доступ к любому узлу в инфраструктуре и использовать его как плацдарм для дальнейших действий|Т2.1.|Т2.1. Использование внешних сервисов организации в сетях публичного доступа (Интернет)
Т2|Получение первоначального доступа к компонентам систем и сетей.|Т2.2.|Т2.2. Использование устройств, датчиков, систем, расположенных на периметре или вне периметра физической защиты объекта, для получения первичного доступа к системам и компонентам внутри этого периметра.
Т2|Получение первоначального доступа к компонентам систем и сетей.|Т2.3.|Т2.3. Эксплуатация уязвимостей сетевого оборудования и средств защиты вычислительных сетей для получения доступа к компонентам систем и сетей при удаленной атаке.
Т2|Получение первоначального доступа к компонентам систем и сетей.|Т2.4.|Т2.4. Использование ошибок конфигурации сетевого оборудования и средств защиты, в том числе слабых паролей и паролей по умолчанию, для получения доступа к компонентам систем и сетей при удаленной атаке
Т2|Получение первоначального доступа к компонентам систем и сетей.|Т2.5.|Т2.5. Эксплуатация уязвимостей компонентов систем и сетей при удаленной или локальной атаке.
Т2|Получение первоначального доступа к компонентам систем и сетей.|Т2.6.|Т2.6. Использование недокументированных возможностей программного обеспечения сервисов, приложений, оборудования, включая использование отладочных интерфейсов, программных, программно-аппаратных закладок
Т2|Получение первоначального доступа к компонентам систем и сетей.|Т2.7.|Т2.7. Использование в системе внешних носителей информации, которые могли подключаться к другим системам и быть заражены вредоносным программным обеспечением. В том числе дарение, подмена или подлог носителей информации и внешних устройств, содержащих вредоносное программное обеспечение или предназначенных для реализации вредоносных функций.
Т2|Получение первоначального доступа к компонентам систем и сетей.|Т2.8.|Т2.8. Использование методов социальной инженерии, в том числе фишинга, для получения прав доступа к компонентам системы
Т2|Получение первоначального доступа к компонентам систем и сетей.|Т2.9.|Т2.9. Несанкционированное подключение внешних устройств.
Т2|Получение первоначального доступа к компонентам систем и сетей.|Т2.10.|"Т2.10. Несанкционированный доступ путем подбора учетных данных сотрудника или легитимного пользователя (методами прямого перебора, словарных атак, паролей производителей по умолчанию, использования одинаковых паролей для разных учетных записей, применения ""радужных"" таблиц или другими)"
Т2|Получение первоначального доступа к компонентам систем и сетей.|Т2.11.|Т2.11. Несанкционированный доступ путем компрометации учетных данных сотрудника организации, в том числе через компрометацию многократно используемого в различных системах пароля (для личных или служебных нужд)
Т2|Получение первоначального доступа к компонентам систем и сетей.|Т2.12.|Т2.12. Использование доступа к системам и сетям, предоставленного сторонним организациям, в том числе через взлом инфраструктуры этих организаций, компрометацию личного оборудования сотрудников сторонних организаций, используемого для доступа.
Т2|Получение первоначального доступа к компонентам систем и сетей.|Т2.13.|"Т2.13. Реализация атаки типа ""человек посередине"" для осуществления доступа, например, NTLM/SMB Relaying атаки"
Т2|Получение первоначального доступа к компонентам систем и сетей.|Т2.14.|Т2.14. Доступ путем эксплуатации недостатков систем биометрической аутентификации.
Т3|Внедрение и исполнение вредоносного программного обеспечения в системах и сетях. Тактическая задача: получив доступ к узлу сети или системы, нарушитель стремится внедрить в его программную среду инструментальные средства, необходимые ему для дальнейших действий.|Т3.1.|Т3.1. Автоматический запуск скриптов и исполняемых файлов в системе с использованием пользовательских или системных учетных данных, в том числе с использованием методов социальной инженерии
Т3|Внедрение и исполнение вредоносного программного обеспечения в системах и сетях.|Т3.2.|Т3.2. Активация и выполнение вредоносного кода, внедренного в виде закладок в легитимное программное и программное-аппаратное обеспечение систем и сетей
Т3|Внедрение и исполнение вредоносного программного обеспечения в системах и сетях.|Т3.3.|Т3.3. Автоматическая загрузка вредоносного кода с удаленного сайта или ресурса с последующим запуском на выполнение
Т3|Внедрение и исполнение вредоносного программного обеспечения в системах и сетях.|Т3.4.|Т3.4. Копирование и запуск скриптов и исполняемых файлов через средства удаленного управления операционной системой и сервисами
Т3|Внедрение и исполнение вредоносного программного обеспечения в системах и сетях.|Т3.5.|Т3.5. Эксплуатация уязвимостей типа удаленное исполнение программного кода (RCE, Remotecodeexecution)
Т3|Внедрение и исполнение вредоносного программного обеспечения в системах и сетях.|Т3.6.|Т3.6. Автоматическое создание вредоносных скриптов при помощи доступного инструментария от имени пользователя в системе с использованием его учетных данных
Т3|Внедрение и исполнение вредоносного программного обеспечения в системах и сетях.|Т3.7.|Т3.7. Подмена файлов легитимных программ и библиотек непосредственно в системе. Примечание 3: В том числе может сочетаться с техникой компрометации сертификата, используемого для цифровой подписи образа ПО
Т3|Внедрение и исполнение вредоносного программного обеспечения в системах и сетях.|Т3.8.|Т3.8. Подмена легитимных программ и библиотек, а также легитимных обновлений программного обеспечения, поставляемых производителем удаленно через сети связи, в репозиториях поставщика или при передаче через сети связи.
Т3|Внедрение и исполнение вредоносного программного обеспечения в системах и сетях.|Т3.9.|Т3.9. Подмена ссылок на легитимные программы и библиотеки, а также на легитимные обновления программного обеспечения, поставляемые производителем удаленно через сети связи, подмена информации о таких обновлениях, включая атаки на инфраструктурные сервисы поставщика (такие как DNS hijacking), атаки на третьесторонние ресурсы, атаки на электронную почту и другие средства обмена сообщениями.
Т3|Внедрение и исполнение вредоносного программного обеспечения в системах и сетях.|Т3.10.|Т3.10. Подмена дистрибутивов (установочных комплектов) программ на носителях информации или общих сетевых ресурсах
Т3|Внедрение и исполнение вредоносного программного обеспечения в системах и сетях.|Т3.11.|"Т3.11. Компрометация сертификата, используемого для цифровой подписи образа ПО, включая кражу этого сертификата у производителя ПО или покупку краденого сертификата на нелегальных площадках в сетях связи (т.н. ""дарквеб"") и подделку сертификата с помощью эксплуатации уязвимостей ПО, реализующего функции генерирования криптографических ключей, хранения и управления цифровыми сертификатами"
Т3|Внедрение и исполнение вредоносного программного обеспечения в системах и сетях.|Т3.12.|Т3.12. Компрометация средств создания программного кода приложений в инфраструктуре разработчика этих приложений (компиляторов, линковщиков, средств управления разработкой) для последующего автоматизированного внесения изменений в этот код, устанавливаемый авторизованным пользователем на целевые для нарушителя системы
Т3|Внедрение и исполнение вредоносного программного обеспечения в системах и сетях.|Т3.13.|Т3.13. Компрометация средств сборки, конфигурирования и разворачивания программного кода, а также средств создания узкоспециализированного кода (к примеру, кода промышленных контроллеров) в инфраструктуре целевой системы для автоматизированного внесения изменений в этот код, устанавливаемый авторизованным пользователем на целевые для нарушителя системы
Т3|Внедрение и исполнение вредоносного программного обеспечения в системах и сетях.|Т3.14.|Т3.14. Планирование запуска вредоносных программ при старте операционной системы путем эксплуатации стандартных механизмов, в том числе путем правки ключей реестра, отвечающих за автоматический запуск программ, запуска вредоносных программ как сервисов и т.п.
Т3|Внедрение и исполнение вредоносного программного обеспечения в системах и сетях.|Т3.15.|Т3.15. Планирование запуска вредоносных программ через планировщиков задач в операционной системе, а также с использованием механизмов планирования выполнения в удаленной системе через удаленный вызов процедур. Выполнение в контексте планировщика в ряде случаев позволяет авторизовать вредоносное программное обеспечение и повысить доступные ему привилегии
Т3|Внедрение и исполнение вредоносного программного обеспечения в системах и сетях.|Т3.16.|Т3.16. Запуск вредоносных программ при помощи легитимных, подписанных цифровой подписью утилит установки приложений и средств запуска скриптов (т.н. техника проксирования запуска), а также через средства запуска кода элементов управления ActiveX, компонентов фильтров (кодеков) и компонентов библиотек DLL.
Т4|Закрепление (сохранение доступа) в системе или сети.|Т4.1.|Т4.1. Несанкционированное создание учетных записей или кража существующих учетных данных
Т4|Закрепление (сохранение доступа) в системе или сети.|Т4.2.|Т4.2. Использование штатных средств удаленного доступа и управления операционной системы
Т4|Закрепление (сохранение доступа) в системе или сети.|Т4.3.|Т4.3. Скрытая установка и запуск средств удаленного доступа и управления операционной системы.
Т4|Закрепление (сохранение доступа) в системе или сети.|Т4.4.|Т4.4. Маскирование подключенных устройств под легитимные (например, нанесение корпоративного логотипа, инвентарного номера, телефона службы поддержки)
Т4|Закрепление (сохранение доступа) в системе или сети.|Т4.5.|Т4.5. Внесение соответствующих записей в реестр, автозагрузку, планировщики заданий, обеспечивающих запуск вредоносного программного обеспечения при перезагрузке системы или сети
Т4|Закрепление (сохранение доступа) в системе или сети.|Т4.6.|Т4.6. Компрометация прошивок устройств с использованием уязвимостей или программно-аппаратных закладок, к примеру, внедрение новых функций в BIOS (UEFI), компрометация прошивок жестких дисков
Т4|Закрепление (сохранение доступа) в системе или сети.|Т4.7.|Т4.7. Резервное копирование вредоносного кода в областях, редко подвергаемых проверке, в том числе заражение резервных копий данных, сохранение образов в неразмеченных областях жестких дисков и сменных носителей
Т5|Управление вредоносным программным обеспечением и (или) компонентами, к которым ранее был получен доступ.|Т5.1.|Т5.1. Удаленное управление через стандартные протоколы (например, RDP, SSH), а также использование инфраструктуры провайдеров средств удаленного администрирования. Пример: использование средств удаленного управления RMS/teamviewer для создания канала связи и управления скомпрометированной системой со стороны злоумышленников
Т5|Управление вредоносным программным обеспечением и (или) компонентами, к которым ранее был получен доступ.|Т5.2.|Т5.2. Использование штатных средств удаленного доступа и управления операционной системы
Т5|Управление вредоносным программным обеспечением и (или) компонентами, к которым ранее был получен доступ.|Т5.3.|Т5.3. Коммуникация с внешними серверами управления через хорошо известные порты на этих серверах, разрешенные на межсетевом экране (SMTP/25, HTTP/80, HTTPS/443 и др.)
Т5|Управление вредоносным программным обеспечением и (или) компонентами, к которым ранее был получен доступ.|Т5.4.|Т5.4. Коммуникация с внешними серверами управления через нестандартные порты на этих серверах, что в некоторых случаях позволяет эксплуатировать уязвимости средств сетевой фильтрации для обхода этих средств
Т5|Управление вредоносным программным обеспечением и (или) компонентами, к которым ранее был получен доступ.|Т5.5.|Т5.5. Управление через съемные носители, в частности, передача команд управления между скомпрометированными изолированной системой и подключенной к Интернет системой через носители информации, используемые на обеих системах
Т5|Управление вредоносным программным обеспечением и (или) компонентами, к которым ранее был получен доступ.|Т5.6.|Т5.6. Проксирование трафика управления для маскировки подозрительной сетевой активности, обхода правил на межсетевом экране и сокрытия адресов инфраструктуры нарушителей, дублирование каналов связи, обфускация и разделение трафика управления во избежание обнаружения.
Т5|Управление вредоносным программным обеспечением и (или) компонентами, к которым ранее был получен доступ.|Т5.7.|Т5.7. Туннелирование трафика управления через VPN
Т5|Управление вредоносным программным обеспечением и (или) компонентами, к которым ранее был получен доступ.|Т5.8.|Т5.8. Туннелирование трафика управления в поля заполнения и данных служебных протоколов, к примеру, туннелирование трафика управления в поля данных и заполнения протоколов DNS, ICMP или другие
Т5|Управление вредоносным программным обеспечением и (или) компонентами, к которым ранее был получен доступ.|Т5.9.|Т5.9. Управление через подключенные устройства, реализующие дополнительный канал связи с внешними системами или между скомпрометированными системами в сети
Т5|Управление вредоносным программным обеспечением и (или) компонентами, к которым ранее был получен доступ.|Т5.10.|Т5.10. Использование средств обфускации, шифрования, стеганографии для сокрытия трафика управления
Т5|Управление вредоносным программным обеспечением и (или) компонентами, к которым ранее был получен доступ.|Т5.11.|Т5.11. Передача команд управления через нестандартно интерпретируемые типовые операции, к примеру, путем выполнения копирования файла по разрешенному протоколу (FTP или подобному), путем управления разделяемыми сетевыми ресурсами по протоколу SMB и т.п.
Т5|Управление вредоносным программным обеспечением и (или) компонентами, к которым ранее был получен доступ.|Т5.12.|Т5.12. Передача команд управления через публикацию на внешнем легитимном сервисе, таком как веб-сайт, облачный ресурс, ресурс в социальной сети и т.п.
Т5|Управление вредоносным программным обеспечением и (или) компонентами, к которым ранее был получен доступ.|Т5.13.|Т5.13. Динамическое изменение адресов серверов управления, идентификаторов внешних сервисов, на которых публикуются команды управления, и т.п. по известному алгоритму во избежание обнаружения
Т6|Повышение привилегий по доступу к компонентам систем и сетей.|Т6.1.|Т6.1. Получение данных для аутентификации и авторизации от имени привилегированной учетной записи путем поиска этих данных в папках и файлах, поиска в памяти или перехвата в сетевом трафике. Данные для авторизации включают пароли, хэш-суммы паролей, токены, идентификаторы сессии, криптографические ключи, но не ограничиваются ими
Т6|Повышение привилегий по доступу к компонентам систем и сетей.|Т6.2.|Т6.2. Подбор пароля или другой информации для аутентификации от имени привилегированной учетной записи
Т6|Повышение привилегий по доступу к компонентам систем и сетей.|Т6.3|Т6.3 Эксплуатация уязвимостей ПО к повышению привилегий.
Т6|Повышение привилегий по доступу к компонентам систем и сетей.|Т6.4.|Т6.4. Эксплуатация уязвимостей механизма имперсонации (запуска операций в системе от имени другой учетной записи).
Т6|Повышение привилегий по доступу к компонентам систем и сетей.|Т6.5.|Т6.5. Манипуляции с идентификатором сессии, токеном доступа или иным параметром, определяющим права и полномочия пользователя в системе таким образом, что новый или измененный идентификатор/токен/параметр дает возможность выполнения ранее недоступных пользователю операций.
Т6|Повышение привилегий по доступу к компонентам систем и сетей.|Т6.6.|Т6.6. Обход политики ограничения пользовательских учетных записей в выполнении групп операций, требующих привилегированного режима.
Т6|Повышение привилегий по доступу к компонентам систем и сетей.|Т6.7.|Т6.7. Использование уязвимостей конфигурации системы, служб и приложений, в том числе предварительно сконфигурированных профилей привилегированных пользователей, автоматически запускаемых от имени привилегированных пользователей скриптов, приложений и экземпляров окружения, позволяющих вредоносному ПО выполняться с повышенными привилегиями.
Т6|Повышение привилегий по доступу к компонентам систем и сетей.|Т6.8.|Т6.8. Эксплуатация уязвимостей, связанных с отдельным, и вероятно менее строгим контролем доступа к некоторым ресурсам (например, к файловой системе) для непривилегированных учетных записей.
Т6|Повышение привилегий по доступу к компонентам систем и сетей.|Т6.9.|Т6.9. Эксплуатация уязвимостей средств ограничения среды исполнения (виртуальные машины, песочницы и т.п.) для исполнения кода вне этой среды.
Т7|Сокрытие действий и применяемых при этом средств от обнаружения.|Т7.1.|Т7.1. Использование нарушителем или вредоносной платформой штатных инструментов администрирования, утилит и сервисов операционной системы, сторонних утилит, в том числе двойного назначения.
Т7|Сокрытие действий и применяемых при этом средств от обнаружения.|Т7.2.|Т7.2. Очистка/затирание истории команд и журналов регистрации, перенаправление записей в журналы регистрации, переполнение истории команд и журналов регистрации, затруднение доступа к журналам регистрации для авторизованных пользователей
Т7|Сокрытие действий и применяемых при этом средств от обнаружения.|Т7.3.|Т7.3. Удаление файлов, переписывание файлов произвольными данными, форматирование съемных носителей
Т7|Сокрытие действий и применяемых при этом средств от обнаружения.|Т7.4.|Т7.4. Отключение средств защиты от угроз информационной безопасности, в том числе средств антивирусной защиты, механизмов аудита, консолей оператора мониторинга и средств защиты других типов
Т7|Сокрытие действий и применяемых при этом средств от обнаружения.|Т7.5.|Т7.5. Отключение систем и средств мониторинга и защиты от угроз промышленной, физической, пожарной, экологической, радиационной безопасности, иных видов безопасности автоматизированной системы управления технологическими процессами и управляемого (контролируемого) объекта и (или) процесса
Т7|Сокрытие действий и применяемых при этом средств от обнаружения.|Т7.6.|Т7.6. Подделка данных вывода средств защиты от угроз информационной безопасности
Т7|Сокрытие действий и применяемых при этом средств от обнаружения.|Т7.7.|Т7.7. Подделка данных телеметрии, данных вывода автоматизированных систем управления, данных систем и средств мониторинга и защиты от угроз промышленной, физической, пожарной, экологической, радиационной безопасности, иных видов безопасности автоматизированной системы управления технологическими процессами и управляемого (контролируемого) объекта и (или) процесса, данных видеонаблюдения и других визуально или автоматически интерпретируемых данных
Т7|Сокрытие действий и применяемых при этом средств от обнаружения.|Т7.8.|Т7.8. Выполнение атаки отказа в обслуживании на основные и резервные каналы связи, которые могут использоваться для доставки сообщений о неработоспособности систем или их компонентов или о других признаках атаки
Т7|Сокрытие действий и применяемых при этом средств от обнаружения.|Т7.9.|Т7.9. Подписание кода, включая использование скомпрометированных сертификатов авторитетных производителей ПО для подписания вредоносных программных модулей.
Т7|Сокрытие действий и применяемых при этом средств от обнаружения.|Т7.10.|Т7.10. Внедрение вредоносного кода в доверенные процессы операционной системы и другие объекты, которые не подвергаются анализу на наличие такого кода, для предотвращения обнаружения
Т7|Сокрытие действий и применяемых при этом средств от обнаружения.|Т7.11.|Т7.11. Модификация модулей и конфигурации вредоносного программного обеспечения для затруднения его обнаружения в системе.
Т7|Сокрытие действий и применяемых при этом средств от обнаружения.|Т7.12.|Т7.12. Манипуляции именами и параметрами запуска процессов и приложений для обеспечения скрытности.
Т7|Сокрытие действий и применяемых при этом средств от обнаружения.|Т7.13.|Т7.13. Создание скрытых файлов, скрытых учетных записей
Т7|Сокрытие действий и применяемых при этом средств от обнаружения.|Т7.14.|Т7.14. Установление ложных доверенных отношений, в том числе установка корневых сертификатов для успешной валидации вредоносных программных модулей и авторизации внешних сервисов
Т7|Сокрытие действий и применяемых при этом средств от обнаружения.|Т7.15.|Т7.15. Внедрение вредоносного кода выборочным/целевым образом на наиболее важные системы или системы, удовлетворяющие определенным критериям, во избежание преждевременной компрометации информации об используемых при атаке уязвимостях и обнаружения факта атаки
Т7|Сокрытие действий и применяемых при этом средств от обнаружения.|Т7.16.|Т7.16. Искусственное временное ограничение распространения или активации вредоносного кода внутри сети, во избежание преждевременного обнаружения факта атаки.
Т7|Сокрытие действий и применяемых при этом средств от обнаружения.|Т7.17.|Т7.17. Обфускация, шифрование, упаковка с защитой паролем или сокрытие стеганографическими методами программного кода вредоносного ПО, данных и команд управляющего трафика, в том числе при хранении этого кода и данных в атакуемой системе, при хранении на сетевом ресурсе или при передаче по сети
Т7|Сокрытие действий и применяемых при этом средств от обнаружения.|Т7.18.|Т7.18. Использование средств виртуализации для сокрытия вредоносного кода или вредоносной активности от средств обнаружения в операционной системе
Т7|Сокрытие действий и применяемых при этом средств от обнаружения.|Т7.19.|Т7.19. Туннелирование трафика управления через VPN
Т7|Сокрытие действий и применяемых при этом средств от обнаружения.|Т7.20.|Т7.20. Туннелирование трафика управления в поля заполнения и данных служебных протоколов, к примеру, туннелирование трафика управления в поля данных и заполнения протоколов DNS, ICMP или другие
Т7|Сокрытие действий и применяемых при этом средств от обнаружения.|Т7.21.|Т7.21. Изменение конфигурации сети, включая изменение конфигурации сетевых устройств, организацию прокси-соединений, изменение таблиц маршрутизации, сброс и модификацию паролей доступа к интерфейсам управления сетевыми устройствами
Т7|Сокрытие действий и применяемых при этом средств от обнаружения.|Т7.22.|Т7.22. Подмена и компрометация прошивок, в том числе прошивок BIOS, жестких дисков
Т7|Сокрытие действий и применяемых при этом средств от обнаружения.|Т7.23.|Т7.23. Подмена файлов легитимных программ и библиотек непосредственно в системе.
Т7|Сокрытие действий и применяемых при этом средств от обнаружения.|Т7.24.|Т7.24. Подмена легитимных программ и библиотек, а также легитимных обновлений программного обеспечения, поставляемых производителем удаленно через сети связи, в репозиториях поставщика или при передаче через сети связи.
Т7|Сокрытие действий и применяемых при этом средств от обнаружения.|Т7.25.|Т7.25. Подмена ссылок на легитимные программы и библиотеки, а также на легитимные обновления программного обеспечения, поставляемые производителем удаленно через сети связи, информации о таких обновлениях, включая атаки на инфраструктурные сервисы поставщика (такие как DNS hijacking), атаки на третьесторонние ресурсы, атаки на электронную почту и другие средства обмена сообщениями.
Т7|Сокрытие действий и применяемых при этом средств от обнаружения.|Т7.26.|Т7.26. Подмена дистрибутивов (установочных комплектов) программ на носителях информации или общих сетевых ресурсах.
Т7|Сокрытие действий и применяемых при этом средств от обнаружения.|Т7.27.|"Т7.27. Компрометация сертификата, используемого для цифровой подписи образа ПО, включая кражу этого сертификата у производителя ПО или покупку краденого сертификата на нелегальных площадках в сетях связи (т.н. ""дарквеб"") и подделку сертификата с помощью эксплуатации уязвимостей ПО, реализующего функции генерирования криптографических ключей, хранения и управления цифровыми сертификатами"
Т7|Сокрытие действий и применяемых при этом средств от обнаружения.|Т7.28.|Т7.28. Компрометация средств создания программного кода приложений в инфраструктуре разработчика этих приложений (компиляторов, линковщиков, средств управления разработкой) для последующего автоматизированного внесения изменений в этот код, устанавливаемый авторизованным пользователем на целевые для нарушителя системы
Т7|Сокрытие действий и применяемых при этом средств от обнаружения.|Т7.29.|Т7.29. Компрометация средств сборки, конфигурирования и разворачивания программного кода, а также средств создания узкоспециализированного кода (к примеру, кода промышленных контроллеров), в инфраструктуре целевой системы, для автоматизированного внесения изменений в этот код, устанавливаемый авторизованным пользователем на целевые для нарушителя системы
Т8|Получение доступа (распространение доступа) к другим компонентам систем и сетей или смежным системам и сетям. |Т8.1.|Т8.1. Эксплуатация уязвимостей для повышения привилегий в системе или сети для удаленного выполнения программного кода для распространения доступа
Т8|Получение доступа (распространение доступа) к другим компонентам систем и сетей или смежным системам и сетям. |Т8.2.|Т8.2. Использование средств и интерфейсов удаленного управления для получения доступа к смежным системам и сетям
Т8|Получение доступа (распространение доступа) к другим компонентам систем и сетей или смежным системам и сетям. |Т8.3.|Т8.3. Использование механизмов дистанционной установки программного обеспечения и конфигурирования.
Т8|Получение доступа (распространение доступа) к другим компонентам систем и сетей или смежным системам и сетям. |Т8.4.|Т8.4. Удаленное копирование файлов, включая модули вредоносного программного обеспечения и легитимные программные средства, которые позволяют злоумышленнику получать доступ к смежным системам и сетям
Т8|Получение доступа (распространение доступа) к другим компонентам систем и сетей или смежным системам и сетям. |Т8.5.|Т8.5. Изменение конфигурации сети, включая изменение конфигурации сетевых устройств, организацию прокси-соединений, изменение таблиц маршрутизации, сброс и модификацию паролей доступа к интерфейсам управления сетевыми устройствами
Т8|Получение доступа (распространение доступа) к другим компонентам систем и сетей или смежным системам и сетям. |Т8.6.|Т8.6. Копирование вредоносного кода на съемные носители
Т8|Получение доступа (распространение доступа) к другим компонентам систем и сетей или смежным системам и сетям. |Т8.7.|Т8.7. Размещение вредоносных программных модулей на разделяемых сетевых ресурсах в сети
Т8|Получение доступа (распространение доступа) к другим компонентам систем и сетей или смежным системам и сетям. |Т8.8.|Т8.8. Использование доверенных отношений скомпрометированной системы и пользователей этой системы с другими системами и пользователями для распространения вредоносного программного обеспечения или для доступа к системам и информации в других системах и сетях.
Т9|Сбор и вывод из системы или сети информации, необходимой для дальнейших действий при реализации угроз безопасности информации или реализации новых угроз.|Т9.1.|Т9.1. Доступ к системе для сбора информации и вывод информации через стандартные протоколы управления (например, RDP, SSH), а также использование инфраструктуры провайдеров средств удаленного администрирования.
Т9|Сбор и вывод из системы или сети информации, необходимой для дальнейших действий при реализации угроз безопасности информации или реализации новых угроз.|Т9.2.|Т9.2. Доступ к системе для сбора информации и вывод информации через использование штатных средств удаленного доступа и управления операционной системы
Т9|Сбор и вывод из системы или сети информации, необходимой для дальнейших действий при реализации угроз безопасности информации или реализации новых угроз.|Т9.3.|Т9.3. Вывод информации на хорошо известные порты на внешних серверах, разрешенные на межсетевом экране (SMTP/25, HTTP/80, HTTPS/443 и др.)
Т9|Сбор и вывод из системы или сети информации, необходимой для дальнейших действий при реализации угроз безопасности информации или реализации новых угроз.|Т9.4.|Т9.4. Вывод информации на нестандартные порты на внешних серверах, что в некоторых случаях позволяет эксплуатировать уязвимости средств сетевой фильтрации для обхода этих средств
Т9|Сбор и вывод из системы или сети информации, необходимой для дальнейших действий при реализации угроз безопасности информации или реализации новых угроз.|Т9.5.|Т9.5. Отправка данных по известным протоколам управления и передачи данных
Т9|Сбор и вывод из системы или сети информации, необходимой для дальнейших действий при реализации угроз безопасности информации или реализации новых угроз.|Т9.6.|Т9.6. Отправка данных по собственным протоколам
Т9|Сбор и вывод из системы или сети информации, необходимой для дальнейших действий при реализации угроз безопасности информации или реализации новых угроз.|Т9.7.|Т9.7. Проксирование трафика передачи данных для маскировки подозрительной сетевой активности, обхода правил на межсетевом экране и сокрытия адресов инфраструктуры нарушителей, дублирование каналов связи, обфускация и разделение трафика передачи данных во избежание обнаружения.
Т9|Сбор и вывод из системы или сети информации, необходимой для дальнейших действий при реализации угроз безопасности информации или реализации новых угроз.|Т9.8.|Т9.8. Туннелирование трафика передачи данных через VPN
Т9|Сбор и вывод из системы или сети информации, необходимой для дальнейших действий при реализации угроз безопасности информации или реализации новых угроз.|Т9.9.|Т9.9. Туннелирование трафика управления в поля заполнения и данных служебных протоколов, к примеру, туннелирование трафика управления в поля данных и заполнения протоколов DNS, ICMP или другие
Т9|Сбор и вывод из системы или сети информации, необходимой для дальнейших действий при реализации угроз безопасности информации или реализации новых угроз.|Т9.10.|Т9.10. Вывод информации через съемные носители, в частности, передача данных между скомпрометированными изолированной системой и подключенной к Интернет системой через носители информации, используемые на обеих системах
Т9|Сбор и вывод из системы или сети информации, необходимой для дальнейших действий при реализации угроз безопасности информации или реализации новых угроз.|Т9.11.|Т9.11. Отправка данных через альтернативную среду передачи данных.
Т9|Сбор и вывод из системы или сети информации, необходимой для дальнейших действий при реализации угроз безопасности информации или реализации новых угроз.|Т9.12.|Т9.12. Шифрование выводимой информации, использование стеганографии для сокрытия факта вывода информации
Т9|Сбор и вывод из системы или сети информации, необходимой для дальнейших действий при реализации угроз безопасности информации или реализации новых угроз.|Т9.13.|Т9.13. Вывод информации через предоставление доступа к файловым хранилищам и базам данных в инфраструктуре скомпрометированной системы или сети, в том числе путем создания новых учетных записей или передачи данных для аутентификации и авторизации имеющихся учетных записей
Т9|Сбор и вывод из системы или сети информации, необходимой для дальнейших действий при реализации угроз безопасности информации или реализации новых угроз.|Т9.14.|Т9.14. Вывод информации путем размещения сообщений или файлов на публичных ресурсах, доступных для анонимного нарушителя (форумы, файлообменные сервисы, фотобанки, облачные сервисы, социальные сети)
Т10|Несанкционированный доступ и (или) воздействие на информационные ресурсы или компоненты систем и сетей, приводящие к негативным последствиям.|Т10.1.|Т10.1. Несанкционированный доступ к информации в памяти системы, файловой системе, базах данных, репозиториях, в программных модулях и прошивках
Т10|Несанкционированный доступ и (или) воздействие на информационные ресурсы или компоненты систем и сетей, приводящие к негативным последствиям.|Т10.2.|Т10.2. Несанкционированное воздействие на системное программное обеспечение, его конфигурацию и параметры доступа
Т10|Несанкционированный доступ и (или) воздействие на информационные ресурсы или компоненты систем и сетей, приводящие к негативным последствиям.|Т10.3.|Т10.3. Несанкционированное воздействие на программные модули прикладного программного обеспечения
Т10|Несанкционированный доступ и (или) воздействие на информационные ресурсы или компоненты систем и сетей, приводящие к негативным последствиям.|Т10.4.|Т10.4. Несанкционированное воздействие на программный код, конфигурацию и параметры доступа прикладного программного обеспечения
Т10|Несанкционированный доступ и (или) воздействие на информационные ресурсы или компоненты систем и сетей, приводящие к негативным последствиям.|Т10.5.|Т10.5. Несанкционированное воздействие на программный код, конфигурацию и параметры доступа системного программного обеспечения
Т10|Несанкционированный доступ и (или) воздействие на информационные ресурсы или компоненты систем и сетей, приводящие к негативным последствиям.|Т10.6.|Т10.6. Несанкционированное воздействие на программный код, конфигурацию и параметры доступа прошивки устройства
Т10|Несанкционированный доступ и (или) воздействие на информационные ресурсы или компоненты систем и сетей, приводящие к негативным последствиям.|Т10.7.|Т10.7. Подмена информации (например, платежных реквизитов) в памяти или информации, хранимой в виде файлов, информации в базах данных и репозиториях, информации на неразмеченных областях дисков и сменных носителей
Т10|Несанкционированный доступ и (или) воздействие на информационные ресурсы или компоненты систем и сетей, приводящие к негативным последствиям.|Т10.8.|Т10.8. Уничтожение информации, включая информацию, хранимую в виде файлов, информацию в базах данных и репозиториях, информацию на неразмеченных областях дисков и сменных носителей
Т10|Несанкционированный доступ и (или) воздействие на информационные ресурсы или компоненты систем и сетей, приводящие к негативным последствиям.|Т10.9.|Т10.9. Добавление информации (например, дефейсинг корпоративного портала, публикация ложной новости)
Т10|Несанкционированный доступ и (или) воздействие на информационные ресурсы или компоненты систем и сетей, приводящие к негативным последствиям.|Т10.10.|Т10.10. Организация отказа в обслуживании одной или нескольких систем, компонентов системы или сети
Т10|Несанкционированный доступ и (или) воздействие на информационные ресурсы или компоненты систем и сетей, приводящие к негативным последствиям.|Т10.11.|Т10.11. Нецелевое использование ресурсов системы.
Т10|Несанкционированный доступ и (или) воздействие на информационные ресурсы или компоненты систем и сетей, приводящие к негативным последствиям.|Т10.12.|Т10.12. Несанкционированное воздействие на автоматизированные системы управления с целью вызова отказа или нарушения функций управления, в том числе на АСУ критически важных объектов, потенциально опасных объектов, объектов, представляющих повышенную опасность для жизни и здоровья людей и для окружающей природной среды, в том числе опасных производственных объектов.
Т10|Несанкционированный доступ и (или) воздействие на информационные ресурсы или компоненты систем и сетей, приводящие к негативным последствиям.|Т10.13.|Т10.13. Несанкционированное воздействие на автоматизированные системы управления с целью вызова отказа или поломки оборудования, в том числе АСУ критически важных объектов, потенциально опасных объектов, объектов, представляющих повышенную опасность для жизни и здоровья людей и для окружающей природной среды, в том числе опасных производственных объектов
Т10|Несанкционированный доступ и (или) воздействие на информационные ресурсы или компоненты систем и сетей, приводящие к негативным последствиям.|Т10.14.|Т10.14. Отключение систем и средств мониторинга и защиты от угроз промышленной, физической, пожарной, экологической, радиационной безопасности, иных видов безопасности, в том числе критически важных объектов, потенциально опасных объектов, объектов, представляющих повышенную опасность для жизни и здоровья людей и для окружающей природной среды, в том числе опасных производственных объектов
Т10|Несанкционированный доступ и (или) воздействие на информационные ресурсы или компоненты систем и сетей, приводящие к негативным последствиям.|Т10.15.|Т10.15. Воздействие на информационные ресурсы через системы распознавания визуальных, звуковых образов, системы геопозиционирования и ориентации, датчики вибрации, прочие датчики и системы преобразования сигналов физического мира в цифровое представление с целью полного или частичного вывода системы из строя или несанкционированного управления системой.
